15640,Aaron Judge,677.0,119.5397466264820,45.98296455636410,112.2025791427350,11.75536823272710,0.4069966791553710,196253.94259576200
13611,Mookie Betts,693.0,107.27050672775200,32.76976944258990,95.88605947630100,13.355690002441400,0.3824541902090140,173017.48452863000
10155,Mike Trout,677.0,103.7208483245510,36.418084504668400,98.04578230919620,11.40998649597170,0.40055464728372000,169246.78850269100
9218,Paul Goldschmidt,666.0,103.11129247294800,31.62107805731170,97.0369824594796,13.807494163513200,0.3779395188765500,163805.88792363800
5361,Freddie Freeman,675.0,106.67778304402900,29.50076627505330,93.0741070571104,12.816527366638200,0.3897064105029360,163659.7508535000
5417,Jose Altuve,690.0,101.21415052368700,27.802643346560500,88.3286762689527,17.916986637205900,0.37931513871061900,162592.82262143100
16252,Trea Turner,687.0,99.14151481881530,23.459989547729500,89.50683065839290,21.597878325042,0.3795664847179610,160816.93074643700
12533,Marcus Semien,692.0,96.20386311077580,27.842149550692500,86.37676066659260,20.55542379080970,0.33318307995796200,160067.4750975890
11493,Manny Machado,663.0,96.66420630143150,31.972820779158600,100.441117707022,9.371170043945310,0.36470329916872700,158333.69402067100
19755,Shohei Ohtani,649.0,94.54247027211850,32.96665651463030,93.30534412209270,10.338212966918900,0.35994715487222500,150251.69753888100
19611,Vladimir Guerrero Jr.,653.0,88.3049103434052,32.2816960122348,100.61618250504900,7.116332679374900,0.3616035050502130,149328.5134544590
19251,Pete Alonso,649.0,86.09529735691740,34.242518390336100,104.94981014257700,4.24136151710016,0.3534744968534830,149193.71777555600
20123,Juan Soto,675.0,96.25685542680640,29.003393706552200,87.25315925634300,8.056533813476560,0.4006035202204900,149155.11836329400
16472,Rhys Hoskins,660.0,88.70180753735010,32.60903019475710,91.44030964205050,4.889563700599130,0.3551932929251430,143877.29688267000
12856,George Springer,635.0,91.38795662830230,29.772978100166500,90.08258331443460,12.75406265258790,0.34434705125212100,142457.1241191820
14344,Matt Olson,652.0,83.1368097724131,33.85848454238870,95.20910697563380,4.36051491048852,0.3518130924276080,141429.7074992650
19326,Bryan Reynolds,675.0,86.46247556424250,26.196555277747600,84.92936048462490,7.75903423815542,0.3391694128513340,138838.4516098950
17350,Rafael Devers,662.0,85.02321951385550,28.063580806786400,90.06317097692510,5.47994576133258,0.36093235138279900,138351.94230960700
18314,Dansby Swanson,660.0,86.31743010751450,25.40547628538300,84.2942094124889,12.210031509399400,0.33335569500923200,137649.93198646500
18360,Austin Riley,655.0,83.75259363255800,29.616052648655800,91.74437024205410,4.634070822036290,0.3565523722819620,137617.88401501900
16478,Kyle Schwarber,643.0,84.86831182928830,34.34936744002940,85.14881250944940,7.927654266357420,0.3530223622423780,136732.1292859370
17678,Alex Bregman,660.0,87.25575668551910,25.37348598100560,88.05419777241930,5.525199971492820,0.36671820975027900,136339.7366893240
19290,Randy Arozarena,656.0,83.9931372571707,26.104162183041400,85.42557741379100,11.294266700744600,0.35331743023406800,135903.82240614800
19612,Bo Bichette,672.0,87.77226307945790,21.47119903564450,82.61586844638630,9.849380493164060,0.362906166727509,135792.12677276800
12916,Francisco Lindor,666.0,85.47154987931820,23.358505249023400,82.22673287775840,12.126913070678700,0.3341892957687380,135542.91498811700
13624,Corey Seager,641.0,86.47562122796950,29.37725143673670,89.50649770100910,4.28210771705302,0.3519892596049710,134605.8125664610
15986,Willy Adames,653.0,81.42932488078380,29.666896524775800,86.58572080350040,7.46584939956665,0.33276471495628400,134178.80327930000
9777,Nolan Arenado,649.0,81.25587387446540,29.247056891756200,91.1630206959319,4.3820435010238100,0.3509502054484910,133952.91541443800
18345,Kyle Tucker,620.0,86.19823293098340,27.07297724381820,86.68915252926600,15.090195533788600,0.3373188590174790,133540.4838000620
19556,Yordan Alvarez,602.0,90.45125065181300,32.04048529168440,88.47346132588800,8.595161437988280,0.35277438370914100,132387.7061208320
12161,Xander Bogaerts,650.0,87.12748908695260,22.223051071167000,81.5509386348875,11.921760559082000,0.35472168788714100,132065.6746759850
11477,Christian Yelich,666.0,90.35104485823650,18.575593948364300,69.52264404296880,17.905948494282900,0.36256297645975600,131014.05101732800
13419,Christian Walker,644.0,79.5221619327298,27.714783196954000,87.27366587562020,6.488439981782980,0.3330187201499940,129657.85289146100
14551,Anthony Santander,651.0,73.29891967773440,28.626044865468100,87.80349406020900,6.369455224529830,0.3320963978767400,127875.93665700800
14162,Carlos Correa,644.0,80.16461282883780,25.263089702781000,85.82865006626120,4.891524265162750,0.34944498689630400,126544.27527136100
25764,Bobby Witt Jr.,669.0,72.6878662109375,20.215423583984400,73.17530059814450,22.72146876728370,0.3306042551994320,126528.41382500300
14161,Byron Buxton,595.0,79.9184484617405,31.724536046032700,84.70839899674790,12.775321960449200,0.3274052913814170,124625.19590002900
19470,Tommy Edman,668.0,83.43381074781860,15.295499051351700,65.60033610797420,21.805375242308600,0.3332448899745940,124560.80171433800
16505,Matt Chapman,616.0,82.75409706923260,31.559638964998000,80.26487830766190,6.640158895820990,0.3382023572921750,124159.09696652400
15172,Tim Anderson,646.0,85.99847997873320,15.733966173530600,67.06292724609380,20.72156477049820,0.35127826136247100,122654.8678139210
12927,Brandon Nimmo,667.0,88.17183087486040,16.833200454711900,66.70523071289060,11.39990520477300,0.3684991483722250,122380.27048587100
17919,Ian Happ,644.0,80.23445507851070,22.510726928710900,75.50202178955080,9.580632209777830,0.3366154134273530,121177.90671446600
17548,Taylor Ward,631.0,81.82975365275640,23.185466766357400,76.54630279541020,7.3144330978393600,0.34017869561769400,119395.38119003600
19566,Nathaniel Lowe,634.0,76.32077344559950,21.914949417114300,78.8306832215609,7.994686603546140,0.3430076441117000,117546.19961044500
9241,Starling Marte,600.0,81.37672749740820,19.417816162109400,70.65250396728520,22.818719945247700,0.32524186852984000,116754.60566434800
14366,Joey Meneses,615.0,71.70855712890630,23.32171630859380,78.17669945305560,10.839813232421900,0.3310094745520730,113392.34429248100
25931,Michael Harris II,611.0,74.44795227050780,20.97896957397460,70.41111755371090,18.801643980246200,0.3350990116596220,113019.5920403510
19709,Fernando Tatis Jr.,531.0,81.34657059800570,30.9982506087606,81.5963503218375,15.748381827114900,0.30228520894502600,111505.66627783600
12546,C.J. Cron,592.0,70.36852390958240,26.7834026704279,84.74095657613790,4.7128730520817900,0.33790138363838200,110670.64529438600
20454,Jazz Chisholm Jr.,589.0,75.21297040219180,25.056597946191100,74.59085021538760,12.663985252380400,0.3355814814567570,110649.53134029100
17982,Ty France,641.0,71.50702667236330,18.045578002929700,77.31600189208980,3.9984043849776300,0.33799004554748500,109742.40563965900
13152,Jorge Polanco,599.0,77.05711713070740,22.834084913064000,73.41291046142580,9.422226905822750,0.3368270993232730,109654.83673969600
15518,Amed Rosario,640.0,75.645271771327,13.490557196016000,63.157833099365200,18.53366556514120,0.3316674828529360,109541.7568734100
16997,Gleyber Torres,612.0,72.67909240722660,21.911901473999000,76.92863601756890,7.050719030660480,0.33295363187789900,109488.82116753600
23667,Wander Franco,649.0,70.85635375976560,15.331478197239400,66.46630859375,14.8378695176111,0.3512724450131730,108930.29035118300
21523,Jonathan India,637.0,73.36466979980470,17.521793365478500,67.77854919433590,11.715913772583000,0.34564442252284200,108752.82544336000
26289,Gunnar Henderson,612.0,70.71344757080080,22.218332290649400,70.13276672363280,13.164067268371600,0.3356993496418000,108057.35968029500
7304,Salvador Perez,591.0,70.6423946217903,25.515205021718100,82.31548960175000,3.5933296070279700,0.33984389901161200,107802.10128601700
18373,Ryan Mountcastle,600.0,74.31829833984380,23.64301300048830,75.7526415784212,4.713669998385900,0.33438968658447300,107257.20756223400
14274,Mitch Haniger,590.0,70.6722619898888,27.58784096764540,79.47464845003490,3.3699364006801800,0.3327237069606780,107048.07279397400
18036,Jake Cronenworth,611.0,77.80666598399860,17.46627426147460,65.99856567382810,13.01949405670170,0.33978456258773800,106699.40935307900
24610,Steven Kwan,647.0,72.26953125,12.789620645050000,58.25731810800270,19.87528512602170,0.3494335833413150,105811.14909693300
21711,Oneil Cruz,582.0,70.98089599609380,22.991348266601600,74.05894470214840,13.014463587394800,0.33466121554374700,105563.34261284900
11737,Nick Castellanos,602.0,73.81233215332030,22.224788665771500,74.76904475255790,4.188887132099270,0.33424264192581200,105548.2357980960
26288,Adley Rutschman,582.0,71.54328918457030,22.384428024292000,74.3879165649414,12.49640941619870,0.33595898747444200,105428.13726729200
14854,Mike Yastrzemski,573.0,74.87951906032470,23.806119918823200,73.3954086303711,10.617300987243700,0.3370610773563390,104879.28974327000
13613,Ketel Marte,616.0,70.01766204833980,19.323623657226600,74.72222900390630,5.545933643600200,0.3358735144138340,104686.31827037200
13145,Josh Bell,599.0,69.52519226074220,21.60540008544920,78.31020158764690,4.449773445701900,0.3399718999862670,104364.09302843600
18882,Brandon Lowe,585.0,73.28537891261390,24.243092469129500,73.09331342507310,7.42124080657959,0.33615297079086300,104351.81947174900
16556,Ozzie Albies,573.0,72.5625758600461,21.69349658658720,72.38917425797450,12.917529106140100,0.3329082727432250,103080.22697984000
3473,Anthony Rizzo,579.0,73.96781158447270,24.63683271182090,73.97201227124830,4.992156756432700,0.33834198117256200,103008.24292168000
15679,Rowdy Tellez,553.0,72.76343536376950,26.361088308301200,82.80349680823740,3.0140277405297400,0.33520838618278500,102458.3229036820
4949,Giancarlo Stanton,538.0,73.09566453207540,31.459553361504,82.18504425097040,2.58207552278588,0.29559489204232000,102014.44771694500
15112,Ryan McMahon,595.0,72.29974321844450,21.166526794433600,71.53606414794920,6.0913363678195500,0.3369191288948060,102001.20084623700
30116,Seiya Suzuki,589.0,69.8333969116211,20.1810245513916,69.05783081054690,12.518787384033200,0.33216360211372400,101262.76671996700
11739,J.T. Realmuto,555.0,73.64199109552030,20.997232147867600,72.24615919646490,15.151326916229100,0.33835604786872900,101218.16129919300
15429,Kris Bryant,568.0,75.15719194698480,21.714366774235100,71.11356087393860,9.602692604064940,0.33819881081581100,101061.97425370200
13301,Max Muncy,564.0,77.19646103122220,25.79728069576610,70.18973009733230,5.690325831914970,0.3126374861640390,101061.14942031300
15362,Jeff McNeil,590.0,74.5688247680664,14.453589422819600,68.83915710449220,12.130452156066900,0.32271442678867400,100485.6953481580
21622,Jake McCarthy,597.0,71.87270145506660,16.12010955810550,57.28543210142600,21.9166404579488,0.33987322449684100,100018.24980783500
19918,Daulton Varsho,561.0,71.79647331780170,23.112335657056500,69.01703133967250,13.902088165283200,0.33137136697769200,99947.36721405010
25878,Corbin Carroll,587.0,68.7173080444336,20.486042022705100,65.5843734741211,13.847879492652700,0.3321898579597470,99184.09442752900
18568,Luis Arraez,636.0,73.57608795166020,12.246114414450100,60.45726439851160,9.123964309692380,0.36493828398356500,99068.68291187740
19197,Will Smith,558.0,74.11696801931370,23.243076161750700,75.0967230774215,4.167921540861450,0.31034924322959900,98729.75122775800
19363,Austin Hays,561.0,72.48861694335940,20.62407684326170,73.09630584716800,9.21072769165039,0.33283713459968600,98597.18866208200
15464,Hunter Renfroe,544.0,74.25086975097660,26.083038089023000,76.0916618841331,4.236353869686760,0.3334636688232420,98461.49067087760
27676,Vinnie Pasquantino,572.0,68.79705810546880,22.57855987548830,69.96152316751830,10.293312072753900,0.3374355733394620,98365.63239049330
10047,Wil Myers,559.0,68.33594154972600,22.61642074584960,73.12358856201170,11.272337913513200,0.3358624577522280,98207.44053692870
16939,Lane Thomas,581.0,70.3327407836914,21.384944915771500,69.43286895751950,6.542608109695650,0.33558034896850600,97624.69975019070
26197,Andrew Vaughn,586.0,61.742060632690600,17.814842224121100,75.73043060302730,9.405194282531740,0.3381751775741580,96707.99191108770
25976,Riley Greene,614.0,63.73137810633270,16.467775344848600,62.690330505371100,14.088552092300600,0.3311346769332890,96587.83082563280
15279,Garrett Cooper,554.0,73.3060531616211,20.71364974975590,74.66729736328130,4.706882344226330,0.30134170701341800,96227.15427654750
13757,Chris Taylor,540.0,71.89072378438800,20.96805970250710,72.8017807006836,12.154196608123100,0.33550935983657800,96201.1458839907
11609,Willson Contreras,558.0,66.96800918940680,24.49644388858740,75.9029752903075,3.769706685396170,0.33761441707611100,95682.9102046919
15672,Austin Meadows,568.0,70.89453125,18.979759216308600,72.84527587890630,4.889192517899790,0.33817967772483800,95393.86109119680
14221,Jorge Soler,544.0,66.07703813067730,28.248873211949500,77.81847353870460,2.673416463119720,0.3356952369213100,95283.50214026670
16426,Thairo Estrada,595.0,70.09005737304690,14.028871741151700,57.66249917318090,17.76609810984340,0.3305988907814030,95127.48454636260
22197,MJ Melendez,585.0,59.80429247092300,21.321300506591800,70.2581558227539,10.824869155883800,0.33158957958221400,95086.02140840480
17907,Brendan Rodgers,569.0,69.4093017578125,17.47568130493160,71.53974151611330,7.670897960662840,0.3321843147277830,94697.42210006710
6184,J.D. Martinez,560.0,66.63405673010470,22.766260324872900,75.85737520672890,3.058627069843890,0.33832263946533200,94446.59950376880
12861,Anthony Rendon,566.0,70.8793716430664,19.02001953125,71.2200927734375,5.290099928917670,0.3057909350824580,94360.90214345280
15711,Tyler O'Neill,539.0,69.4967618101581,23.12515507979790,69.64241838982510,12.111488342285200,0.3338794410228730,94168.52995100500
18577,Ke'Bryan Hayes,603.0,71.46841304110120,12.404038081236900,55.72409408352390,15.439203497357800,0.3398767113685610,93691.50212499680
17901,Andrew Benintendi,571.0,72.7363052368164,16.37668228149410,64.66126251220700,9.948563575744630,0.30803267161051400,93661.61322466530
21618,Alec Bohm,595.0,67.56843566894530,14.08361633807000,66.50224304199220,8.714505195617680,0.33440735936164900,93535.90852437220
12144,Max Kepler,520.0,74.02476501464840,20.797000885009800,74.81956481933590,9.643688201904300,0.3354688584804540,93402.65364527700
13621,Jeimer Candelario,557.0,69.3097915649414,20.070701599121100,71.56832885742190,5.394415542036060,0.33100977540016200,92837.55576777880
17988,Tyler Stephenson,530.0,73.92790222167970,17.28011131286620,68.907958984375,13.517623901367200,0.29163662997467300,92180.37351663930
19352,Sean Murphy,563.0,68.13980102539060,21.305006283342700,70.02466101141720,3.6992939396115500,0.3336009681224820,92051.830497299
20970,Oscar Gonzalez,523.0,66.89153289794920,22.270835876464800,72.32308959960940,13.55510425567630,0.3310434818267820,91719.34999632840
21479,Nico Hoerner,602.0,72.01237487792970,9.807766475948680,54.27264994881920,15.52655172724670,0.3340815305709840,91475.96158543020
17027,Alex Verdugo,586.0,72.79076385498050,11.473894351278200,62.399234771728500,8.299054145812990,0.3369431793689730,91005.73571765720
20538,Jose Miranda,559.0,56.75326545317590,20.506505966186500,73.18895721435550,11.408341407775900,0.33043935894966100,90662.81775484790
19238,Lourdes Gurriel Jr.,532.0,71.98941802978520,17.77393913269040,74.60774230957030,5.320074075394520,0.3386283814907070,90455.85462619140
5933,Jean Segura,574.0,68.66943359375,12.054876228079400,63.23838424682620,13.029266357421900,0.3327203691005710,90304.3667764322
16376,Michael Conforto,539.0,74.61965942382810,21.964693069458000,66.10653849235640,4.325729108723040,0.2922591266191400,90179.48590011080
5235,Justin Turner,541.0,74.13599395751950,20.103092193603500,66.94674636816710,4.964333184710800,0.29316520361350400,90045.84202101950
11899,Joc Pederson,532.0,66.99294682362630,22.805263573524500,71.16029611018030,7.58815860748291,0.3375917673110960,89846.4246612906
7859,Charlie Blackmon,550.0,71.22791290283200,16.275636672973600,64.99906921386720,9.903058052062990,0.3315902054309850,89505.49687594180
11445,Mark Canha,528.0,65.86839547541470,19.251495361328100,71.56653594970700,10.40230655670170,0.2863539926248700,88374.04611328990
14894,Tony Kemp,568.0,71.91162109375,11.621786156725200,54.57957205388220,16.462838701727300,0.3401631712913510,87992.27730874950
22514,Triston Casas,492.0,70.24739837646480,22.377666473388700,73.46431732177730,11.428890228271500,0.3387432396411900,87505.65169465540
4314,Joey Votto,517.0,73.69098663330080,22.54294217969950,67.81986807872900,3.5141827476344800,0.28057098737071900,86777.70067402170
2396,Carlos Santana,488.0,73.63566589355470,18.47604150757030,77.18408966064450,7.825498580932620,0.2631936562946430,86563.63077791040
18839,Josh Naylor,536.0,69.02580261230470,21.267866134643600,66.76518830454560,3.741930239950120,0.33087897300720200,86366.57311774580
18171,Seth Brown,511.0,73.98490142822270,21.483958583307500,63.13860415056420,9.288434028625490,0.3321975767612460,85964.55693718280
18030,Harrison Bader,525.0,62.18654849517970,18.14387321472170,67.769287109375,14.642632290085300,0.33165088295936600,85613.84579596860
5343,Brandon Crawford,498.0,70.29774475097660,20.731769561767600,72.43209838867190,5.586986121408180,0.3313532769680020,84351.21614569650
5827,Wilmer Flores,488.0,70.55770874023440,21.96341896057130,75.0184097290039,4.93572285728997,0.3332686722278600,84330.56213215180
11265,Jonathan Schoop,569.0,58.140371337697800,17.277790069580100,66.16783142089840,6.269176280517340,0.3304407298564910,84317.61199813500
15149,Trey Mancini,520.0,68.0269546508789,22.44668197631840,65.70278607650200,4.385195245486680,0.33172303438186600,83664.53731145530
20202,Brandon Marsh,486.0,72.52718353271480,18.25749397277830,65.48914337158200,14.174812262657100,0.26671557460351000,82967.65947516720
21897,Christopher Morel,474.0,68.990234375,22.134538650512700,71.33328247070310,12.002842057937700,0.3306950330734250,82851.21488634560
22581,Alejandro Kirk,493.0,67.3529281616211,17.599456787109400,74.394775390625,7.678671360015870,0.2703923590563670,82477.03846080490
19600,Bryan De La Cruz,462.0,71.78004455566410,20.71832275390630,75.75582122802730,9.808937072753910,0.33972105383873000,82422.11515885590
18900,Leody Taveras,497.0,72.4344482421875,17.03923797607420,62.286991119384800,13.336505377650400,0.33113953471183800,82217.87615825440
5452,Ji-Man Choi,509.0,60.129219778341100,20.224563676975700,75.32657623291020,5.204589786499410,0.27441201324899800,82030.1149973795
12532,Kolten Wong,513.0,64.2244360322636,17.445186614990200,65.43280029296880,12.437133160812600,0.3334602415561680,82014.85738374940
20505,Drew Waters,465.0,68.12675476074220,22.481388092041000,72.9549789428711,12.30332088470460,0.33346179127693200,81932.95557931070
20126,Dylan Carlson,502.0,71.18333435058590,15.961880683898900,63.53831100463870,11.719295501709000,0.3323090970516210,81693.03558021780
9847,Andrew McCutchen,498.0,73.9363784790039,22.954248428344700,61.76549656583240,4.772269917890360,0.3359995484352110,81554.66768387430
18564,Trent Grisham,492.0,61.64749579407030,21.143375396728500,67.76372528076170,13.23907470703130,0.3404606580734250,80753.99286363930
19955,Gavin Lux,522.0,63.016900157476500,12.616611137209300,63.443511962890600,13.142572402954100,0.3355289399623870,79633.77504145730
20036,Isaac Paredes,463.0,73.50880432128910,21.19235610961910,71.67916107177730,5.083754846835020,0.34040215611457800,79545.47354810910
15998,Cody Bellinger,484.0,57.8897269250469,18.831607017095200,76.1966781616211,10.725410720560000,0.3318382501602170,79364.02636005
14712,Manuel Margot,533.0,71.27606964111330,12.892415730685800,51.044931252044100,12.64722718635070,0.33118119835853600,78986.24272955840
21614,Kyle Isbel,468.0,71.31920623779300,17.10948944091800,67.18864440917970,11.056547336668800,0.3379158675670620,78161.52394071520
11615,Brandon Drury,480.0,71.79242706298830,23.59133529663090,61.29129563462680,4.01502455580291,0.33212894201278700,77290.66151618960
21454,Lars Nootbaar,430.0,72.4130859375,20.832046508789100,73.2934341430664,12.409113883972200,0.2364631442097130,77049.18175554110
19260,Jake Fraley,473.0,55.9405043422705,22.343137741088900,71.80927276611330,12.101080894470200,0.338218092918396,76877.73714483540
6153,Eduardo Escobar,435.0,71.75751495361330,22.37021255493160,74.42122650146480,7.61016845703125,0.3308076858520510,76773.11961650850
2136,David Peralta,452.0,69.68726348876950,19.649507522583000,75.50348663330080,4.175939888374120,0.33136484026908900,76545.09819273000
10815,Jurickson Profar,475.0,70.90927124023440,16.05254364013670,63.98051834106450,9.555328369140630,0.3366638422012330,76396.30458056930
15491,J.P. Crawford,591.0,61.66551541152160,8.012752510360070,49.857197567185000,8.402414321899410,0.3194269876909480,75800.06831800630
27465,Spencer Torkelson,509.0,51.50989884411180,18.984952926635700,66.87981414794920,10.755935668945300,0.33079615235328700,75566.85144965760
10243,Randal Grichuk,480.0,70.17465209960940,21.6590518951416,60.11938592268960,4.49130849250685,0.33094874024391200,75252.16663209180
26299,Josh Jung,498.0,51.33986139523480,20.55691909790040,67.33174896240230,10.891863822937000,0.33134013414382900,74924.96323948390
25768,CJ Abrams,569.0,58.15794843821350,11.380251037754300,46.4368890457997,14.543857381618800,0.3304826617240910,74453.32485354790
24679,Brendan Donovan,528.0,68.01893615722660,12.037070541020300,47.2303946978673,13.246552467346200,0.33819568157196000,74379.96695977700
21534,Cal Raleigh,453.0,71.21406555175780,19.32938912920480,60.992454673441700,9.992284774780270,0.33711564540863000,73324.9853278907
17452,Jose Siri,453.0,53.52901371960390,21.884483337402300,71.83384704589840,13.421953716549300,0.33612486720085100,72935.45647705460
13590,Jesse Winker,487.0,59.73535230977090,19.433370930700300,65.72897714913170,4.310282972374990,0.26925179023313300,72795.41351912680
18289,Brian Anderson,444.0,69.01126861572270,19.350814819335900,70.55645751953130,4.375644394571750,0.33237069845199600,72650.19088514040
15117,Hunter Dozier,479.0,49.58746565687710,21.873924255371100,75.60365295410160,4.237482116120690,0.33239585161209100,72633.12707952550
3516,Eric Hosmer,442.0,68.19994354248050,16.604463577270500,71.15769958496090,7.6301374435424800,0.3335139751434330,72455.18509054180
16930,Jonah Heim,415.0,68.48351287841800,21.23393440246580,74.93189239501950,8.657125473022460,0.33146238327026400,72059.73992586140
18607,Jared Walsh,465.0,70.27283477783200,23.280323028564500,56.93157666102410,4.044486707985680,0.3339993357658390,72011.39753769500
21987,Rodolfo Castro,397.0,73.34636688232420,21.897905349731400,73.46467590332030,12.305533409118700,0.33477500081062300,71995.65484848620
4106,Michael Brantley,483.0,70.91094970703130,9.087913472505540,63.3427734375,5.058400296486950,0.26689915111844600,71806.13011922220
13675,Tyrone Taylor,458.0,73.4647445678711,18.368263937662400,58.72284552647980,4.9159763390419000,0.3308540880680080,71357.62948227840
20503,William Contreras,479.0,56.48655807953120,18.661948416470400,61.58661870971490,11.396291732788100,0.25790647670367700,71078.48591588470
18126,LaMonte Wade Jr.,409.0,71.16712951660160,21.303247451782200,72.84930419921880,7.692088603973390,0.33405083417892500,70898.44062775370
19734,Josh Rojas,515.0,63.2987885678549,11.250221288599700,46.56128062267820,15.57428906879150,0.2778668687524390,70535.6599045885
13769,Adalberto Mondesi,416.0,72.21188354492190,22.335941314697300,63.864288330078100,10.68038540278190,0.3331413269042970,70481.06620646350
25961,Kerry Carpenter,394.0,67.026611328125,23.72388458251950,75.2486572265625,10.699016571044900,0.33232349157333400,69750.01432073120
26031,Vaughn Grissom,418.0,68.88701629638670,19.843210220336900,67.05253601074220,9.879039330505080,0.33232253789901700,69385.54399747360
22558,Jarred Kelenic,380.0,72.0589828491211,23.18579864501950,75.57942962646480,9.015363901147350,0.33860018849372900,68467.70657989370
24064,Ezequiel Tovar,482.0,47.725598592893800,18.377147674560500,63.38433074951170,11.459815979003900,0.3321603536605840,68096.50371452190
27684,Michael Massey,406.0,67.4068374633789,19.595226287841800,67.11109161376950,9.892703910574530,0.33045729994773900,66720.54452965810
27555,Garrett Mitchell,425.0,50.56424012869640,23.747243881225600,71.59247589111330,10.77311020138520,0.22992081999025500,66685.47114202450
25816,Shea Langeliers,435.0,45.65857132464220,22.608402252197300,72.3692626953125,12.317010879516600,0.33203139901161200,66679.09616954590
19599,Chas McCormick,417.0,49.551477296657500,22.444143295288100,74.38025665283200,13.123708724975600,0.22581810663096700,66605.49349985220
8709,Elvis Andrus,484.0,67.36873626708980,10.980360944124200,46.8263219800229,12.050150119486200,0.3318602442741390,66577.79590461870
14128,Joey Gallo,447.0,56.83913472252430,24.687045219385200,57.58854736762020,7.787492275238040,0.33856499195098900,65816.63070579330
20325,Alex Kirilloff,391.0,68.84658813476560,16.834064483642600,70.48369598388670,11.340523719787600,0.21310892206797700,65577.73066646280
5038,Josh Donaldson,434.0,70.64486694335940,18.951243613003600,57.98138126415480,2.659184222349440,0.33628004789352400,65348.66294339010
19698,Edward Olivares,386.0,70.54377746582030,17.89845085144040,69.97396850585940,9.814458847045900,0.3314829170703890,65064.98549467330
21635,Nick Maton,426.0,50.764817007345000,16.091635482571100,74.15484619140630,9.750194206057000,0.22955547520334700,64322.186602460300
10950,Adam Duvall,425.0,73.06037902832030,19.523873110706400,54.70445762501700,3.256991048936410,0.3315806984901430,64122.844642374900
11281,Whit Merrifield,493.0,59.2558141771651,9.440241531926500,45.086485388154700,15.8216543423621,0.33218762278556800,64058.63684976020
17696,Kevin Newman,494.0,67.1112060546875,8.085095214241110,41.11658705580290,13.011462586750900,0.3349671959877010,64051.70314509030
19610,Keibert Ruiz,459.0,47.5695693752777,11.429372227022400,67.43537902832030,11.045125961303700,0.24754807932117000,63216.69055410160
19997,Santiago Espinal,472.0,68.11151885986330,9.486428428035210,44.206548175540600,11.620848655700700,0.3348601460456850,63134.81641316750
10681,Gio Urshela,427.0,70.4623031616211,18.31596565246580,53.303859560033900,4.158663847623470,0.3337576389312740,62587.33279050850
13853,Joey Wendle,478.0,68.7601547241211,8.120159323934880,41.653059924759900,11.906619329588100,0.33231472969055200,62509.16323934120
14811,Luke Voit,408.0,73.27615356445310,19.318718498917000,56.19518261950160,2.002085708328900,0.33760079741478000,61660.934404955100
16535,Danny Jansen,425.0,55.15017999103660,21.298592312829400,59.48289807938850,7.355876922607420,0.33918845653533900,61041.362699018800
9368,Evan Longoria,409.0,74.53186798095700,17.736801135408200,52.90091469088250,2.663060196579730,0.3348654508590700,60600.51136696680
18363,Victor Robles,438.0,69.33145141601560,16.391176223754900,39.84095156701260,10.794646963689,0.3306931257247930,59869.74665173420
7739,Travis d'Arnaud,411.0,68.93743896484380,22.660306930542000,51.76761403016010,1.5887266956799400,0.33380651473999000,59713.32407888190
12147,Nick Ahmed,373.0,68.63764190673830,16.387500762939500,62.93547058105470,11.610407829284700,0.3310878872871400,59643.48664480450
15653,Dominic Smith,437.0,45.100748878708,18.528976440429700,67.93785095214840,4.2997331626795700,0.3364942669868470,59521.062217316300
9874,DJ LeMahieu,464.0,71.8687973022461,6.953844694164690,43.47025360541320,5.240193504104490,0.2586801055859990,59295.38091414270
15794,Yonathan Daza,464.0,68.98106384277340,6.065652109058740,39.512201920881500,11.562160449758700,0.33403781056404100,58675.17388572890
17620,Myles Straw,480.0,58.4741731616558,6.565632752332640,37.81218759256520,16.094565730524300,0.2631632637638620,57220.66680040410
21707,Oswaldo Cabrera,355.0,66.76287078857420,18.80717658996580,66.84539794921880,8.305040648763210,0.3306284546852110,57173.14562307860
19198,Yuli Gurriel,384.0,66.82406616210940,8.406446122445200,69.05130767822270,4.003535989336490,0.3337591886520390,57069.74021405410
8090,Matt Carpenter,421.0,58.70141753427230,19.108202230685500,52.39572180918230,4.821202212600350,0.2415713571353360,56947.8764755717
5254,Robbie Grossman,393.0,48.49327611697230,20.51763153076170,64.96249389648440,10.383198738098100,0.34047192335128800,56865.94937682750
20178,Miguel Vargas,397.0,40.84473280582760,20.649078369140600,66.52963256835940,13.641702651977500,0.33159151673317000,56372.704951079200
11489,Michael A. Taylor,337.0,69.51185607910160,18.627944946289100,67.12678527832030,11.061638832092300,0.33135610818862900,56164.278879225300
11368,Yasmani Grandal,337.0,67.1714859008789,20.38916778564450,75.88867950439450,2.9036925257099700,0.18672950539920400,56123.897509823100
5297,Aaron Hicks,378.0,45.215065834081600,21.71811294555660,70.61487579345700,10.693117141723600,0.2038043240235320,56112.20094268240
10762,Corey Dickerson,373.0,66.83131408691410,9.275851450071890,66.14012145996090,7.360430717468260,0.33135664463043200,55927.27473592400
22244,Jack Suwinski,384.0,40.32235819016590,22.837650299072300,71.18558502197270,10.321027755737300,0.3310195803642270,55679.094085367900
24782,David Villar,325.0,68.75050354003910,12.793825776279400,77.16056823730470,11.908061981201200,0.33200550079345700,55557.11363657580
15161,Mitch Garver,415.0,53.74517305202390,20.15699523696780,55.49126912820580,3.9911201101908800,0.34005284309387200,55495.713303750200
9952,Trayce Thompson,394.0,53.10674067733790,21.24144496586270,52.27162869470000,10.522482872009300,0.22019112741024400,54120.820404904100
19858,Luis Rengifo,409.0,40.53290128783220,16.551843643188500,62.687889099121100,10.616229057312000,0.33066481351852400,53464.28691149770
26323,Spencer Steer,454.0,45.75036028098160,16.959362030029300,42.58138370363260,11.55380916595460,0.33127570152282700,53197.99066048290
19508,Kyle Lewis,320.0,71.26454162597660,13.25302340973050,73.51040649414060,7.605801105499270,0.33402085304260300,53109.69391628460
21501,Trevor Larnach,302.0,67.25084686279300,22.747079849243200,74.65371704101560,10.48633861541750,0.16299292675880100,52940.894539158900
11038,Kevin Kiermaier,388.0,45.81720775827230,16.341567993164100,62.202430725097700,10.86245032095040,0.3316105604171750,52595.44373486580
19296,Alex Call,316.0,66.82867431640630,20.404945373535200,66.29560089111330,12.404608726501500,0.33123981952667200,52539.76184415820
26151,Kyle Stowers,362.0,37.37771524486570,21.98948097229000,72.63875579833980,12.724011421203600,0.33289283514022800,52512.75397040590
22168,Akil Baddoo,379.0,72.54570007324220,16.33384132385250,37.03592683692680,11.104650771636700,0.20390356961773100,52007.90455602960
22263,Nolan Gorman,355.0,36.48797720717780,22.828964233398400,74.17560577392580,12.560519218444800,0.3307745158672330,51966.263536829
10324,Marcell Ozuna,383.0,67.20310974121090,15.51150771829570,49.99736973911670,1.8836578166503700,0.3336280882358550,51677.911598644100
19890,Emmanuel Rivera,305.0,68.61149597167970,18.446863174438500,69.59576416015630,10.287001609802200,0.1643661083580010,50967.17476245260
16337,Nick Gordon,283.0,73.96983337402340,19.89890480041500,73.1617202758789,11.654240608215300,0.34033793210983300,50664.08546835180
13620,Carson Kelly,312.0,69.15235137939450,19.083494186401400,70.3520736694336,2.3276064362006200,0.33322831988334700,50309.6112452898
10059,Max Stassi,293.0,69.02847290039060,22.75200080871580,76.79914093017580,2.1243498042861400,0.33294937014579800,50113.81574741830
12160,Ben Gamel,316.0,67.95987701416020,17.778968811035200,63.22798538208010,8.883598327636720,0.3356046676635740,49986.786808013900
2967,Tommy Pham,357.0,43.143108313682500,19.1654109954834,68.37309265136720,8.667387962341310,0.3404373824596410,49869.12911800430
21524,Joey Bart,365.0,37.91681292686040,23.384929656982400,68.81938934326170,3.9162008570268800,0.3330529034137730,49045.190775954000
25660,Will Brennan,277.0,71.39021301269530,19.810287475585900,70.95052337646480,13.679478645324700,0.33872219920158400,48798.87524446850
26294,Bryson Stott,456.0,48.05624490891590,9.50777005019346,37.58697958128150,11.388217003989600,0.33131763339042700,48732.96130506350
12282,Rougned Odor,293.0,70.3447036743164,11.094591095549200,70.59153747558590,11.876391410827600,0.3307446539402010,48121.724714894300
15082,Adam Engel,278.0,72.92910766601560,19.210424423217800,67.96114349365230,12.16074275970460,0.33098024129867600,47980.686806321100
10028,Christian Bethancourt,287.0,68.65392303466800,20.759424209594700,73.935791015625,2.527321679143920,0.3305794894695280,47701.42031597980
17273,Jorge Mateo,295.0,71.4199447631836,17.129901885986300,62.489620208740200,9.950836868647720,0.334722101688385,47590.882619332600
4892,Mike Moustakas,301.0,67.42123413085940,11.412643342221500,75.88323211669920,3.04798613001385,0.3308684229850770,47586.88520697650
19293,Nick Senzel,450.0,45.597036641920900,10.07525841771710,41.33960669639550,8.24902629852295,0.334471732378006,47517.929904120500
20437,Royce Lewis,263.0,67.0535888671875,23.583337783813500,76.9696044921875,11.53512191772460,0.337375283241272,47202.984454512600
22277,Nick Allen,453.0,44.391985581384400,9.226189644980770,36.22592394498850,13.676376342773400,0.3312721848487850,47044.841707636100
22117,Nick Pratto,339.0,35.638586252221600,22.0112247467041,69.1418685913086,11.49154281616210,0.33075064420700100,46990.13686415450
15191,Chad Pinder,280.0,68.93132019042970,20.61980628967290,73.57927703857420,2.6028616243817400,0.33228161931037900,46498.35309346330
14130,Daniel Vogelbach,350.0,72.34263610839840,13.3293040367476,43.92719238666940,2.6219605646238900,0.19527046836759600,46345.72724768240
20529,Nolan Jones,268.0,68.07411193847660,20.92156219482420,69.9570083618164,12.01953125,0.3325618803501130,45909.67986762520
15223,Adam Frazier,458.0,45.276685307941200,6.330257774340980,38.38727719034250,9.446244239807130,0.3359133005142210,45697.58103832930
16434,Christian Arroyo,283.0,68.89038848876950,16.98143768310550,70.25382995605470,2.186631213243920,0.33209893107414200,44896.36131504610
18400,Juan Yepez,314.0,32.881340954917700,22.813688278198200,74.84627532958980,11.829828262329100,0.330450177192688,44808.29706269950
15941,Austin Nola,302.0,69.12420654296880,7.430299370209750,68.31327056884770,2.3042564151034700,0.3374550938606260,44547.86537327910
13265,Mike Zunino,316.0,72.83686828613280,16.42316787502780,42.2356883165019,7.562979221343990,0.3328309655189510,44047.72495399000
21837,Jonathan Aranda,344.0,34.93347823638680,18.092754364013700,62.318729400634800,10.338201522827100,0.3314896821975710,43349.04070288460
12325,Jace Peterson,393.0,47.275954657821300,16.40255355834960,36.8748395476861,9.424535742303210,0.212129373968495,43304.67506189060
20003,Keston Hiura,253.0,74.03864288330080,10.650191411022900,76.10411071777340,9.168327331542970,0.33562377095222500,43085.114716991900
22217,Luis Campusano,252.0,67.62005615234380,20.014657974243200,70.42913818359380,11.082510948181200,0.336969256401062,42709.799793720200
12775,Brad Miller,318.0,73.7257080078125,13.086339489543600,39.32066771882410,7.781419277191160,0.3330787718296050,42690.61381833390
11442,Gary Sanchez,318.0,72.82476043701170,15.372119180399100,43.060863404477400,1.374090224080740,0.3359098732471470,42283.74231191070
16572,Connor Joe,279.0,67.1376724243164,6.613682493779330,64.59449005126950,10.93763542175290,0.15132706693563400,41692.31128079700
18042,Dylan Moore,291.0,37.303802924133600,23.758934020996100,68.5429458618164,12.726360321044900,0.1571836508280860,41464.36499263640
7802,Miguel Rojas,425.0,41.400435901177800,7.175561376092560,37.7537969917671,10.576493263244600,0.33246323466301000,41326.469075951700
22823,Oswald Peraza,258.0,71.20121765136720,17.13298988342290,63.0157470703125,7.03133121146975,0.3386881947517400,40949.753294921600
19339,Nicky Lopez,352.0,72.30010223388670,3.9836911266260600,27.028871075237000,12.510638148110400,0.3354531526565550,40887.882019253900
21558,Matt Vierling,346.0,68.15042877197270,7.725365540804270,33.90462022633730,7.599094954335480,0.18615360320273500,40677.71943144170
19948,Cristian Pache,259.0,68.64968872070310,19.383527755737300,62.4375114440918,5.9590661574690600,0.3354240655899050,40602.19149919010
12859,James McCann,247.0,67.21521759033200,18.977235794067400,68.39403533935550,7.978327751159670,0.33226579427719100,40235.57932049040
20321,Stuart Fairchild,231.0,69.66996002197270,23.68428611755370,73.29205322265630,5.114217780777630,0.33249756693840000,39753.48639798660
8202,Josh Harrison,350.0,35.6145602643584,8.207841243412450,66.21672821044920,3.169112032247000,0.3330402672290800,39739.44870619370
13723,Jacob Stallings,360.0,34.95313092995590,8.166770211893240,62.88542175292970,3.83687041947062,0.33534640073776200,39663.9142973954
11579,Bryce Harper,342.0,47.721125598202400,15.672572529146500,48.53636256213440,3.721301688967160,0.19340388526283700,39618.91006218990
13602,Patrick Wisdom,339.0,43.59273651990850,17.966926339678300,46.00110380344480,8.404069900512700,0.3365219235420230,39426.16052712230
12510,Curt Casali,238.0,73.20730590820310,9.097267253327330,73.89958953857420,7.795467376708980,0.3349023759365080,39111.618723754500
21780,Esteury Ruiz,404.0,40.6470343904661,9.703523946222720,34.65414881894560,10.674702419865600,0.33213552832603500,38788.66422194570
16725,Jose Trevino,316.0,31.021847187060300,17.25113296508790,70.8324203491211,3.1681076700653500,0.33174794912338300,38743.26093406470
13359,Tyler Naquin,291.0,74.44609069824220,11.09784303457250,36.10677174934280,8.87469482421875,0.33171552419662500,38079.42070669670
14111,Eric Haase,288.0,72.76763153076170,11.482198561537300,37.18559662877670,10.159383773803700,0.3367162048816680,37996.279689531200
25055,Nate Eaton,304.0,70.0419921875,16.472763061523400,28.789865695658100,9.23769244876518,0.3309098780155180,37961.45987452450
23818,Ji Hwan Bae,333.0,66.97644805908200,6.824859221399680,27.127268877074600,11.04354033989930,0.17926043738121100,37346.40851930070
2434,Nelson Cruz,273.0,72.82318878173830,22.438331604003900,35.010302502962100,2.07674507168232,0.3358995020389560,36222.859617242200
10264,Brandon Belt,346.0,43.756577381778900,13.885669322563800,42.932393488349100,3.438420981215830,0.18881314983488400,36053.84851601490
19901,Gavin Sheets,270.0,27.72080660996280,20.268632888793900,76.88382720947270,8.288207054138180,0.3373107314109800,36044.67181332020
17022,Edmundo Sosa,226.0,71.02786254882810,16.062082290649400,63.701717376709000,5.688402817712580,0.33492591977119400,35440.18795552950
16219,J.D. Davis,340.0,40.535633394503500,13.858285635756800,41.923444847360000,7.413461208343510,0.1840416176059240,35331.05467921370
22261,Bubba Thompson,311.0,69.86770629882810,7.005273409176020,26.316642321304900,9.328431179173190,0.33200886845588700,35096.36930592770
13185,Orlando Arcia,287.0,29.628493623899200,18.637807846069300,69.81353759765630,2.802453968385570,0.3323642909526830,34788.60665283840
21538,Nick Fortes,253.0,70.3907470703125,22.593048095703100,31.17334897973900,10.401355743408200,0.13626649076528100,34077.77589412180
18887,Seby Zavala,187.0,72.67204284667970,22.127397537231400,75.89295959472660,10.93300724029540,0.33925509452819800,34027.391852617300
22458,Taylor Walls,232.0,71.44631958007810,5.74630514328702,63.382720947265600,5.19100136176858,0.12528588798185500,33846.85883752840
12976,Austin Hedges,274.0,28.104887252735300,21.565448760986300,70.03626251220700,3.1612561905365200,0.330728679895401,33756.411850602800
16153,Austin Slater,261.0,33.380173380341000,19.241233825683600,65.53255462646480,6.707056208244430,0.14177468630939900,32625.7289017583
2900,Roberto Perez,196.0,74.53791809082030,7.738523221128930,72.46205139160160,9.325267791748050,0.10595054140588100,32177.263363194100
12180,Jorge Alfaro,179.0,71.2348861694336,18.33061408996580,69.01289367675780,13.669866561889600,0.33557000756263700,30892.505660504100
21562,Romy Gonzalez,252.0,29.970564277251200,19.160160064697300,66.96633911132810,6.309000946334190,0.13706340778495500,30880.86820746370
12564,Trevor Story,306.0,40.05059951854540,12.64817405085990,40.70776764928450,6.918725913169820,0.33371245861053500,30801.647754683900
8623,Donovan Solano,283.0,29.37727536748370,6.527788688032920,68.51002502441410,2.4598064098689600,0.33736464381218000,30341.06961781220
12037,Jon Berti,340.0,41.481465946818200,6.210538824964290,29.111390196693300,11.605215268489100,0.338360995054245,30173.970218886500
19953,Josh Lowe,260.0,68.20800018310550,16.615585327148400,23.854635398346500,6.943402403338830,0.33123332262039200,30147.742724985500
16451,Luis Guillorme,285.0,68.14987182617190,3.3291717389183600,23.56692635052580,9.636333465576170,0.1594731578894700,29879.906313638300
23733,Ezequiel Duran,326.0,33.911992366845000,16.766141891479500,31.049590943925600,8.853062676404140,0.3314194977283480,29637.37960470070
19983,Conner Capel,171.0,69.74612426757810,20.413402557373000,70.06257629394530,12.206276893615700,0.33549293875694300,29542.622274667000
12158,Austin Barnes,188.0,68.72592163085940,17.25206756591800,65.11907196044920,2.1170997016991100,0.3380517363548280,28867.815967912700
9627,Yan Gomes,282.0,27.983175087879100,6.971430620311000,64.46624755859380,2.4057084892598400,0.3305600583553310,28808.30835166050
14813,Kyle Farmer,263.0,26.414208687877200,6.260265823412470,69.03221130371090,2.065107274771110,0.33242589235305800,27379.409592298800
17992,David Fletcher,349.0,35.74106110969050,5.047805671631630,29.20077635176000,7.867827281379400,0.1908621578043290,27238.86806772080
24618,Ryan Jeffers,237.0,71.34761810302730,9.606599391919180,29.64237325225400,2.0728531222772800,0.33195170760154700,26781.330751767800
18015,Paul DeJong,170.0,70.63467407226560,7.280202326239760,76.6629638671875,1.6623701604810000,0.3314790725708010,26617.187214786600
16512,Isiah Kiner-Falefa,256.0,71.22774505615230,2.801158838739140,20.549772289691900,8.703873235090840,0.33732840418815600,26526.68872290880
14968,Victor Caratini,242.0,23.12314101907690,16.708879470825200,67.48748779296880,1.7935190833575400,0.33516085147857700,26486.461548685100
14566,Franmil Reyes,227.0,71.994384765625,10.346609537447000,31.354187421512500,1.5537956013310400,0.33402085304260300,26237.340586623500
25845,Michael Toglia,217.0,21.53859128545250,19.663230895996100,64.66553497314450,13.892374992370600,0.3305463492870330,26059.590433686400
19958,Carter Kieboom,230.0,22.555059761421,17.558504104614300,63.85647964477540,2.6558088992632600,0.33291900157928500,24600.517424680200
20242,Kevin Smith,142.0,66.90816497802730,22.13617706298830,70.07247161865230,9.53122615814209,0.3359622657299040,23995.728295862700
19273,Stone Garrett,212.0,71.17561340332030,8.316731927519160,26.665100676188500,5.026872457109540,0.33563360571861300,23642.229838809500
19422,Brian Serven,204.0,19.647378785915300,18.05451774597170,62.28445816040040,12.081847190856900,0.3303563892841340,22929.305887575400
19252,Cavan Biggio,195.0,23.422811607613900,19.455713272094700,65.05085754394530,9.291216850280760,0.10569810796688000,22878.627989470800
5517,Kyle Higashioka,216.0,66.71208953857420,8.771969908221640,27.451696893050200,1.8195536464311500,0.3322347402572630,22698.909660931400
21270,Sean Bouchard,188.0,73.31185150146480,7.997673577041990,23.657016796335000,12.722402572631800,0.10278863138497200,22144.845818825400
20308,Jake Meyers,212.0,71.74752044677730,5.317243277744090,20.573068676025000,5.991214010952770,0.33766672015190100,22040.943183910000
23378,Jose Barrero,127.0,70.91239166259770,21.049652099609400,67.54792022705080,11.486502647399900,0.3320186734199520,21758.717634379900
13499,Tom Murphy,248.0,33.22206971468330,11.712986661359600,32.92671837588250,8.017321586608890,0.13873074367336400,21332.42111638750
25867,Ryan Kreidler,185.0,18.687392139886800,18.809240341186500,62.746604919433600,13.31927490234380,0.33244726061821000,21070.56751924170
19892,Pavin Smith,131.0,70.57316589355470,17.49770736694340,68.87620544433590,1.4593866779152600,0.336877703666687,20795.377944320500
19452,Jake Rogers,141.0,71.27315521240230,5.389991696976940,68.359619140625,1.5311138731608500,0.33386456966400100,20711.17197348890
22896,Lenyn Sosa,258.0,25.428746336444300,17.902484893798800,24.11021683679370,12.274112701416000,0.3308063745498660,20651.962722894700
15674,Reese McGuire,286.0,28.377059225410800,6.465287116654860,26.097336056484800,10.416952133178700,0.3312268853187560,20502.728365275700
26466,Matt Wallner,129.0,68.24019622802730,20.64985466003420,66.30594635009770,3.175081763787290,0.3342702090740200,20472.990048221600
10200,Tucker Barnhart,293.0,27.6954925259896,5.56946029934273,26.141343989078500,9.89376449584961,0.3312161862850190,20401.964306487800
22664,Gabriel Moreno,292.0,30.377717414361800,6.342589403969040,24.685956572281100,6.489024356643170,0.33469516038894700,19923.155009032100
12371,Tommy La Stella,213.0,21.517261161623400,4.95391962313539,64.58838653564450,2.089966801105520,0.11543220253352300,19865.437827021000
18054,Sam Haggerty,199.0,70.41209411621090,4.831494180700410,18.22795852853980,5.44887277563978,0.33134564757347100,19751.10128448420
19514,Andrew Knizner,177.0,16.791188280729300,17.59134864807130,63.417781829834000,7.455925941467290,0.33191215991973900,18689.10376422380
20078,Evan White,120.0,66.96289825439450,22.00333023071290,64.63123321533200,1.34051878870381,0.3318251669406890,18632.376678730100
6012,Didi Gregorius,178.0,69.48429870605470,4.397031326052890,17.06526251577470,12.462522506713900,0.33122360706329300,18465.780281775400
20543,Elehuris Montero,150.0,14.92260395068130,21.585046768188500,70.23745727539060,13.52423095703130,0.33076566457748400,18090.015692380400
13770,Rob Refsnyder,142.0,17.550688275040400,23.114501953125,74.52013397216800,9.091513633728030,0.07816699217846040,17658.410685326100
13836,Matt Duffy,267.0,27.044857802549200,4.01391284273699,23.79003589865160,8.99942398071289,0.34032317996025100,17138.34383913110
13355,Luke Maile,176.0,18.08015796245560,4.399354280830370,63.316123962402300,11.200575828552200,0.33379051089286800,17130.080447943500
22799,Geraldo Perdomo,181.0,69.19493865966800,3.839124810639150,16.88797815452440,4.078626149073600,0.09896850218705090,17032.034165972700
19717,Darick Hall,226.0,23.637709462435500,9.291179626850530,28.293653587594400,10.569418907165500,0.3312288522720340,16299.841038607900
14477,Jake Cave,98.0,73.52534484863280,19.384723663330100,68.79470825195310,2.2119470991041200,0.33878830075264000,16097.040192049700
25111,David Hensley,145.0,17.33602882373200,5.463259743664880,73.3968276977539,13.740799903869600,0.08006554973822260,15952.462349220000
24617,Jarren Duran,104.0,70.21682739257810,16.42830467224120,63.690147399902300,2.6092355014023600,0.3386860489845280,15941.452905571300
13768,Travis Jankowski,163.0,73.0137710571289,2.519917260602380,12.675014634456300,6.295576875997000,0.09057870672024070,15418.961941189500
23794,Jordan Groshans,243.0,24.07535923600760,5.14035498361452,21.298472056456700,12.137672424316400,0.3313431739807130,15304.918055473300
22275,Jake Burger,139.0,74.27306365966800,5.696078024769280,18.932277384150800,10.663914680481000,0.33895206451416000,15276.695728088100
19966,Bobby Dalbec,142.0,74.1971206665039,6.04015846915343,17.897973830477700,8.52013111114502,0.3343973457813260,15192.548962074700
16424,Jordan Luplow,207.0,25.82532114327240,9.149741656407360,26.28461854039780,10.617525100708000,0.335814893245697,14948.095416144500
4940,Jason Heyward,91.0,67.62252807617190,18.99754524230960,66.49642181396480,10.796722412109400,0.33275601267814600,14946.383593708300
13324,Ildemaro Vargas,237.0,23.674405445984800,4.055044047640400,19.457365533186900,13.65761661529540,0.3336825966835020,14499.213074593500
18032,Mark Mathias,92.0,71.44526672363280,3.4678388478066700,72.55470275878910,9.71313762664795,0.33678388595581100,14491.63114554060
22563,Gabriel Arias,139.0,69.3027572631836,17.86475372314450,12.821643214655100,3.666934283047110,0.3351689279079440,14454.784780259400
19683,Mike Brosseau,134.0,74.42603302001950,5.321529388427730,16.66312219219000,8.662694931030270,0.33583295345306400,14124.834473006200
19956,Mickey Moniak,84.0,73.22901916503910,22.14280891418460,68.94510650634770,1.983659952172740,0.3361142873764040,13997.483541310100
14553,Nomar Mazara,147.0,14.735856603107200,3.5028940987248000,64.77283477783200,9.417746543884280,0.3311171531677250,13635.786028977300
20056,Alan Trejo,121.0,12.737161030701600,18.08987045288090,65.68942260742190,11.840879440307600,0.33775386214256300,13152.10557460800
9929,Darin Ruf,130.0,16.550948036037200,5.348709672924840,77.1171875,0.9980790272331540,0.0707200014195736,13011.133750889900
19928,Ryan McKenna,81.0,71.85824584960940,18.03761100769040,66.42510986328130,1.996452159791200,0.3381201922893520,12851.09866488560
20220,Jo Adell,73.0,71.93841552734380,21.567232131958000,70.16458129882810,10.748719215393100,0.3308172821998600,12756.732878267800
18067,Garrett Stubbs,120.0,71.16436004638670,17.148164749145500,11.650070985911600,3.214236797314680,0.3372192680835720,12421.686221621000
19294,Nick Solak,121.0,70.35201263427730,15.950486183166500,11.698719078895600,3.009066394908360,0.3325478434562680,12262.482688299200
13807,Kevin Plawecki,142.0,14.084769395102100,3.36903049896867,66.14302825927730,1.1802271048981200,0.33245930075645400,12085.551067378400
10847,Andrelton Simmons,224.0,22.62609728290380,4.079554264014370,18.70334638502170,6.767028712171700,0.3365631103515630,11762.820104999800
19562,Zack Short,71.0,67.18294525146480,19.46170425415040,64.39469146728520,11.426374435424800,0.33284878730773900,11558.698057889900
19392,Zach McKinstry,74.0,69.06759643554690,17.781890869140600,65.27186584472660,1.8474477945722500,0.33822497725486800,11418.719918171800
17893,Tyler Nevin,176.0,17.957787391698800,17.71534538269040,16.88754286924250,11.203622817993200,0.3314836323261260,11280.857648535400
14773,Yu Chang,104.0,10.730917208944300,20.68807029724120,71.04432678222660,1.1047108425724900,0.3316439390182500,10805.565583280300
19960,Taylor Trammell,65.0,74.26510620117190,2.589915668794890,75.7127685546875,12.201529502868700,0.3386774957180020,10732.019832510700
20572,Kody Clemens,99.0,10.147283978936800,19.746809005737300,64.48895263671880,13.109391212463400,0.3315970301628110,10674.579352537900
14735,Brett Phillips,115.0,14.559829253909300,4.42648134337029,68.21717071533200,2.688283061529220,0.3365410268306730,10376.255121111700
14523,Pedro Severino,61.0,68.83843994140630,22.39403533935550,76.69786834716800,0.5845196303598120,0.33128902316093400,10299.615289168500
19896,Connor Wong,167.0,16.662082479275000,16.1704158782959,15.14780608022010,13.170133590698200,0.3305584788322450,10267.326416722700
22871,Tucupita Marcano,119.0,68.47245025634770,2.4056800010645000,11.053243742546600,3.1424452825368500,0.06406645121355950,10131.408402311400
12984,Jackie Bradley Jr.,191.0,18.609198234280900,4.728162183957460,17.50564496852400,10.662558555603000,0.3306862413883210,9900.723785096950
20926,Dermis Garcia,86.0,9.028826142562700,22.319150924682600,69.47406768798830,12.789058685302700,0.33203762769699100,9799.110131868070
26123,Brett Baty,90.0,8.915770291152160,18.31977081298830,63.743202209472700,11.888227462768600,0.33286330103874200,9287.985066967830
15487,Victor Reyes,101.0,68.41048431396480,2.30275431025838,9.59753420981939,10.88440227508550,0.3331685960292820,9244.362714220890
22209,Sam Huff,62.0,68.71334075927730,2.422659821231600,72.84716033935550,0.7080731504901330,0.03363863175137540,8972.942107530570
20521,Nick Madrigal,101.0,69.54520416259770,1.075468211000750,8.124020930526760,2.4506820735961500,0.055976114849343700,8206.386500749640
10071,Jonathan Villar,95.0,69.84396362304690,2.3285531395042900,8.81310786869477,3.169570760139360,0.3320520520210270,8026.2885071236000
27615,Alec Burleson,80.0,8.019771726587180,17.642492294311500,62.37889099121090,11.69288158416750,0.334956556558609,8005.519452226860
10323,Rafael Ortega,49.0,69.84883117675780,17.18869972229000,64.92410278320310,10.477644920349100,0.3341517448425290,7975.898087024690
18889,Danny Mendick,84.0,70.9437484741211,1.8395917087934600,8.047661080744600,11.153735160827600,0.33666837215423600,7754.998002917850
20233,Gilberto Celestino,83.0,67.71090698242190,1.8555593942578900,7.84919072252126,11.720084190368700,0.3394758105278020,7426.443019308090
21127,Alejo Lopez,158.0,15.89803880688520,3.067011024149670,13.771321735110900,13.476216316223100,0.3318723440170290,7354.02471576897
14691,Harold Castro,162.0,16.43271893686590,3.3145132833182500,15.734983290541200,9.623851776123050,0.08720116762188370,7321.3094896242000
19844,Abraham Toro,73.0,7.454669391939430,17.90976333618160,65.8965835571289,8.444825172424320,0.3305743336677550,7302.6583527679700
5913,Leury Garcia,163.0,17.14257613629530,3.226967926085650,13.921820027380000,3.808078940634100,0.33131903409957900,6264.21421651262
15905,Luis Torrens,78.0,7.528867459410180,1.8989980345088700,62.24065399169920,0.8021459263082930,0.33350175619125400,5678.725039113190
22532,Tyler Freeman,137.0,13.531024764122700,2.42355149165149,10.78689094892990,12.547734260559100,0.33276116847991900,5428.208880822810
23792,Alek Thomas,148.0,15.05889545458750,3.3373038727337000,12.530675107645600,3.4634193131144000,0.33062154054641700,5138.695462716890
12434,Kevin Pillar,46.0,5.458614909818390,22.055017471313500,73.00202178955080,10.418224334716800,0.33074864745140100,5118.172849031140
17954,Sam Hilliard,52.0,6.237180206636310,2.1667163360740300,75.82921600341800,13.133696556091300,0.3366544246673580,5080.580103398120
19354,Luke Raley,26.0,70.16361236572270,22.025588989257800,74.40538024902340,11.026235580444300,0.3390514552593230,4626.956584632400
20287,Ben Rortvedt,47.0,4.568912897818080,19.064468383789100,62.582733154296900,11.824616432189900,0.3309043049812320,4623.466853134530
27459,Yoshi Tsutsugo,48.0,4.919868071497330,18.634601593017600,64.90132904052730,0.48856538166932000,0.3340758681297300,4285.365117832380
22471,Livan Soto,26.0,68.68284606933590,19.022127151489300,64.32450103759770,0.7093041285896,0.014097644536981100,3971.574776820290
15271,Austin Wynns,47.0,4.642315049495370,1.1514051928527700,63.04108428955080,8.337977409362790,0.3336399793624880,3642.8018302693400
17321,Michael Chavis,21.0,69.97156524658200,20.938663482666000,69.7947998046875,8.271454811096190,0.3308243751525880,3555.453462123870
16947,Derek Hill,45.0,71.9076919555664,0.9910695360735130,3.908339857490140,1.2416625361871900,0.33680981397628800,3527.3508164682100
4418,Jed Lowrie,21.0,67.98242950439450,18.58089828491210,68.96194458007810,7.892149925231930,0.3340829908847810,3438.781610995530
6310,Alcides Escobar,123.0,12.353144858120700,1.9292783646786900,9.613450362219070,3.5744940500123800,0.3339422941207890,3419.9301212856600
21853,Will Benson,78.0,7.61781314650983,16.073719024658200,6.771180392441590,12.64250659942630,0.3316228687763210,3388.073678481350
3298,Charlie Culberson,97.0,10.148970750082500,2.344595826255960,9.266114136995680,11.228972434997600,0.3312718868255620,3232.0327284102600
16442,Ryan O'Hearn,33.0,3.3953175838524700,18.20699691772460,67.93107604980470,7.5961103439331100,0.3346002995967870,3216.315339432090
24703,Jonah Bride,101.0,10.20973289935700,2.4955328629480200,9.327608081401810,9.43799877166748,0.3361019790172580,3212.5044340335500
11902,Hanser Alberto,98.0,10.178746203864000,2.1249115478371000,9.460095156990520,9.922501564025880,0.33107805252075200,3137.698587473350
19458,Cooper Hummel,70.0,7.194043802800710,18.011980056762700,6.830633624470070,12.441656112670900,0.33269202709198,3136.770393665750
16285,Michael Hermosillo,20.0,69.64578247070310,0.7765060352488150,70.91716003417970,9.054697036743160,0.3344961404800420,3014.5728343471000
15730,Tyler Wade,39.0,70.728271484375,0.5829497197228020,3.1252006783869600,1.123138427734380,0.33502623438835100,2959.888875239690
15104,Jonathan Davis,38.0,71.86571502685550,0.8811239209408630,3.437307842911510,1.0528238245284600,0.02056053172543900,2935.786183584550
21871,Jerar Encarnacion,26.0,2.7152986451159500,20.117740631103500,63.631317138671900,12.09334945678710,0.3333449065685270,2571.1673202344200
19627,Brent Rooker,14.0,70.15499114990230,22.7356014251709,72.89569091796880,10.697257041931200,0.007552230810102130,2470.8752987209700
21560,Alfonso Rivas,33.0,70.04306030273440,0.6870830680521740,2.972977154627800,0.9020606578808820,0.01826125792982450,2462.5736005604300
24400,Terrin Vavra,80.0,8.17915255047887,1.8742996143503800,7.349265341133490,12.627904891967800,0.33181750774383500,2428.9951924539500
22650,Jordan Diaz,80.0,7.798715986158420,1.7697505137366700,7.14103566150153,13.23889446258550,0.33289703726768500,2422.5034928999800
19151,Estevan Florial,72.0,7.437093291802430,16.60761260986330,6.640586672236000,1.802679631382370,0.33151987195015000,2363.003429560870
12092,Niko Goodrum,13.0,72.73506164550780,22.120018005371100,68.41329193115230,11.080822944641100,0.3344818353652950,2270.8877927064900
14593,David Bote,13.0,70.43881225585940,23.08401107788090,73.75176239013670,0.13125963497312500,0.33459508419036900,2180.6257257595300
20165,J.J. Matijevic,52.0,5.271707206352440,17.7352237701416,4.823122575949720,12.191163063049300,0.3321552872657780,2098.3753389434600
22411,Cal Stevenson,52.0,5.282797429233930,16.713455200195300,4.853412766780520,10.982497215271000,0.3340485990047460,1984.6429829452500
25459,Peyton Burdick,19.0,1.9414726486326600,20.724712371826200,68.56346130371090,12.740351676940900,0.3304896354675290,1981.709265094990
5273,Sandy Leon,12.0,66.95470428466800,21.807146072387700,65.12918853759770,10.465858459472700,0.0064955972382242700,1972.3607154163700
22202,Jeter Downs,58.0,5.76506825909607,19.602476119995100,5.643009264133930,1.2973722364476900,0.33227235078811600,1893.1314973667300
20352,Ernie Clement,13.0,67.12852478027340,0.27610203138836600,63.82343292236330,13.149292945861800,0.34009861946106000,1881.3268668915200
19318,Matt Thaiss,12.0,70.47649383544920,19.918237686157200,64.29290008544920,0.11645506908543300,0.3331356644630430,1861.64666808725
13854,Anthony Bemboom,18.0,1.7961955499875000,18.21959114074710,62.885440826416000,9.318564414978030,0.33665990829467800,1666.0161331276200
12981,Cam Gallagher,66.0,6.50872036179095,1.5098810150725000,6.16275414923356,9.318689346313480,0.33431392908096300,1573.0676808984400
13897,Tyler Heineman,76.0,7.944801897045940,1.5530743350349900,6.584018098611210,1.7347215287870000,0.3341289162635800,1379.4566029564500
11470,Tony Wolters,18.0,67.1530532836914,0.449230582793177,1.7017843960585800,0.40389578941309100,0.00988889446755721,1254.9213530356300
14350,Raimel Tapia,68.0,8.112878543317410,1.2522357139165600,6.300652767621320,2.2739835742148900,0.3395140469074250,1242.9899959264800
17750,Max Schrock,13.0,1.3590466467690100,19.050386428833000,72.68609619140630,0.3043676258828400,0.3327384889125820,1218.5242599634500
20493,Seth Beer,33.0,3.2737136587712400,16.701292037963900,3.215286905731640,12.742961883544900,0.3305166959762570,1196.7044490056000
22184,Mark Vientos,7.0,67.9090347290039,21.22772789001470,68.0321044921875,11.92190170288090,0.33352741599082900,1185.9700736105400
17338,Willi Castro,13.0,72.01936340332030,0.3183068475828730,1.2370873341251500,12.763859748840300,0.33133211731910700,1126.7093428654400
14196,Andrew Velazquez,12.0,73.73898315429690,17.384735107421900,1.154909540691650,0.3727516065841600,0.3316686749458310,1115.7965770072800
17838,Willie Calhoun,7.0,68.66435241699220,20.3917236328125,68.24424743652340,0.05706095582501020,0.003851577145228450,1101.5286521350900
13788,Matt Reynolds,13.0,68.6033935546875,0.27813103451359700,1.1604468901575500,13.769625663757300,0.3385586738586430,1093.95202562067
24589,Richie Palacios,45.0,4.373756969144560,0.8403943726236790,3.8003301394494200,12.289178848266600,0.33130672574043300,973.5735174851110
14950,Johan Camargo,45.0,4.467013571499650,1.0896377427883100,4.253692174974780,10.830093383789100,0.3315078914165500,943.7375144010760
18027,Hoy Park,6.0,73.31875610351560,0.14893882534515200,63.91843795776370,0.13219756537704100,0.003266985947486910,825.1295846276940
24655,Owen Miller,34.0,3.5238267075959000,0.6830227326066200,3.247715701424120,13.321357727050800,0.33635079860687300,717.8173046876660
20054,Bligh Madris,20.0,2.034139045606860,17.84823989868160,1.9266113474094100,11.173402786254900,0.33188706636428800,666.2856028863420
13546,Roman Quinn,7.0,74.06028747558590,20.022216796875,0.6834619229815390,0.19527152364287900,0.003778027226386290,664.7551102241820
21646,Rafael Marchan,30.0,2.837832120922500,0.5855932280915610,2.597989086856210,13.24553394317630,0.33275023102760300,587.9909583022240
15274,Mike Tauchman,7.0,70.31583404541020,0.1709122424253730,0.6519179743424790,12.35973072052000,0.0037963534889251300,584.5153393533090
17161,Chad Wallach,6.0,0.6159918183964010,20.747947692871100,64.08795166015630,10.673202514648400,0.3353804647922520,578.7628449051870
13329,Jake Lamb,7.0,73.00167083740230,0.3028477070644190,0.8757166327646750,0.05583706851254140,0.33636370301246600,522.0070516412950
17040,Jose Herrera,46.0,4.719196988508040,1.1238077564450400,3.948247153235460,1.0258637619621200,0.33306747674942000,512.9084242974040
15124,Tim Locastro,7.0,70.8457260131836,0.1748033647100320,0.6867387419063330,0.15739100879590800,0.3340984880924230,505.3913033168180
19432,Yonny Hernandez,7.0,66.735595703125,0.12353228317429500,0.5306470307505340,0.15787560491577000,0.3366833031177520,475.1903374755840
8418,Ehire Adrianza,26.0,2.629419142977700,0.5791682052009670,2.2220478991949900,10.583477973938000,0.3335842490196230,425.040134228613
19961,Colton Welker,13.0,1.2926156163027300,17.410602569580100,1.275132298281220,10.515933990478500,0.3321702480316160,400.7439113947640
19813,Charles Leblanc,13.0,1.3695181173170900,18.825332641601600,1.2744382584076200,0.30400058933155600,0.33197176456451400,287.36839782589000
17326,Cole Tucker,13.0,1.3403372621460900,15.95052433013920,1.1779137561671500,0.30049415636589900,0.3326038122177120,248.32435312146800
22505,Buddy Kennedy,13.0,1.332209341522270,0.3011550767726810,1.1455508468652000,12.612308502197300,0.33321118354797400,204.41765436177000
18142,Patrick Mazeika,6.0,0.6243087262338940,15.96750259399410,0.5758941795023700,12.640726089477500,0.3376706540584560,180.87661345959800
16925,Aramis Garcia,1.0,70.13009643554690,20.642826080322300,70.52784729003910,8.497960090637210,0.33186912536621100,170.13059902191200
22164,Payton Henry,24.0,2.402528880331750,0.5823689320641110,2.1178873794338700,0.5870035542131040,0.3339919149875640,144.5707358647300
17109,Meibrys Viloria,1.0,73.17070007324220,20.892520904541000,0.09726182958714390,8.90489673614502,0.0005389795672460380,103.06591852308300
25353,Michael Stefanic,7.0,0.7046662039854700,0.130111917311923,0.5544414068285320,12.20276165008550,0.33280566334724400,97.47350789091030
18482,Chris Gittens,1.0,0.10430841912967100,21.220521926879900,0.097583831015733,13.398910522460900,0.3354496359825130,35.15677433546870